{
    "accuracy": 0.5,
    "precision": 0.6363636363636364,
    "recall": 0.5384615384615384,
    "f1": 0.5833333333333334
}
