{
    "accuracy": 0.55,
    "precision": 0.6666666666666666,
    "recall": 0.6153846153846154,
    "f1": 0.64
}
