{
    "accuracy": 0.7,
    "precision": 0.7692307692307693,
    "recall": 0.7692307692307693,
    "f1": 0.7692307692307693
}
